{"cameraMode":{"drawMode":0,"name":"Shaded","section":"Shading Mode"},"sceneLighting":true,"audioPlay":false,"sceneViewState":{"showFog":true,"showMaterialUpdate":true,"showSkybox":true,"showFlares":true,"showImageEffects":true,"showParticleSystems":true},"in2DMode":false,"pivot":{"x":-0.7856556177139282,"y":0.963394045829773,"z":-1.68682062625885},"rotation":{"x":-0.09105178713798523,"y":0.5280493497848511,"z":-0.056628402322530749,"w":-0.8426734209060669},"size":2.9425151348114015,"orthographic":false}