{"cameraMode":{"drawMode":0,"name":"Shaded","section":"Shading Mode"},"sceneLighting":false,"audioPlay":false,"sceneViewState":{"showFog":true,"showMaterialUpdate":false,"showSkybox":false,"showFlares":true,"showImageEffects":true,"showParticleSystems":true},"in2DMode":false,"pivot":{"x":8.86701488494873,"y":-1.3812527656555176,"z":-25.913253784179689},"rotation":{"x":0.24922499060630799,"y":0.04020814970135689,"z":-0.010342414490878582,"w":0.967919111251831},"size":14.180708885192871,"orthographic":false}