{"cameraMode":{"drawMode":0,"name":"Shaded","section":"Shading Mode"},"sceneLighting":false,"audioPlay":false,"sceneViewState":{"showFog":true,"showMaterialUpdate":false,"showSkybox":false,"showFlares":true,"showImageEffects":true,"showParticleSystems":true},"in2DMode":false,"pivot":{"x":3.3139266967773439,"y":11.537935256958008,"z":-7.862549304962158},"rotation":{"x":-0.28590354323387148,"y":-0.44368380308151247,"z":0.15203164517879487,"w":-0.8357977867126465},"size":122.22328186035156,"orthographic":false}