{"cameraMode":{"drawMode":0,"name":"Shaded","section":"Shading Mode"},"sceneLighting":false,"audioPlay":false,"sceneViewState":{"showFog":true,"showMaterialUpdate":false,"showSkybox":false,"showFlares":true,"showImageEffects":true,"showParticleSystems":true},"in2DMode":false,"pivot":{"x":-2.359313488006592,"y":5.563190460205078,"z":15.473427772521973},"rotation":{"x":-0.3586779534816742,"y":0.540357768535614,"z":-0.2727028429508209,"w":-0.71065753698349},"size":109.88360595703125,"orthographic":false}