{"cameraMode":{"drawMode":0,"name":"Shaded","section":"Shading Mode"},"sceneLighting":true,"audioPlay":false,"sceneViewState":{"showFog":true,"showMaterialUpdate":false,"showSkybox":true,"showFlares":true,"showImageEffects":true,"showParticleSystems":true},"in2DMode":false,"pivot":{"x":-3.272355556488037,"y":3.846872568130493,"z":458.85662841796877},"rotation":{"x":0.14102362096309663,"y":0.34243887662887576,"z":-0.052064068615436557,"w":0.9274458885192871},"size":16.401926040649415,"orthographic":false}