{"cameraMode":{"drawMode":0,"name":"Shaded","section":"Shading Mode"},"sceneLighting":true,"audioPlay":false,"sceneViewState":{"showFog":true,"showMaterialUpdate":false,"showSkybox":true,"showFlares":true,"showImageEffects":true,"showParticleSystems":true},"in2DMode":false,"pivot":{"x":1.75,"y":0.5600000023841858,"z":-162.67999267578126},"rotation":{"x":0.0006022581364959478,"y":0.030288053676486017,"z":0.000024330531232408248,"w":-0.9995549917221069},"size":7.791551113128662,"orthographic":true}