{"cameraMode":{"drawMode":0,"name":"Shaded","section":"Shading Mode"},"sceneLighting":false,"audioPlay":false,"sceneViewState":{"showFog":true,"showMaterialUpdate":false,"showSkybox":false,"showFlares":true,"showImageEffects":true,"showParticleSystems":true},"in2DMode":false,"pivot":{"x":-89.38137817382813,"y":-50.70660400390625,"z":68.2192153930664},"rotation":{"x":0.15351565182209016,"y":-0.704211950302124,"z":0.16029176115989686,"w":0.6744171380996704},"size":215.17132568359376,"orthographic":false}