{"cameraMode":{"drawMode":0,"name":"Shaded","section":"Shading Mode"},"sceneLighting":false,"audioPlay":false,"sceneViewState":{"showFog":true,"showMaterialUpdate":false,"showSkybox":false,"showFlares":true,"showImageEffects":true,"showParticleSystems":true},"in2DMode":false,"pivot":{"x":9.561230659484864,"y":-1.4029178619384766,"z":-25.983022689819337},"rotation":{"x":0.25537487864494326,"y":0.22337324917316438,"z":-0.060720670968294147,"w":0.9390976428985596},"size":8.361851692199707,"orthographic":false}