{"cameraMode":{"drawMode":0,"name":"Shaded","section":"Shading Mode"},"sceneLighting":true,"audioPlay":false,"sceneViewState":{"showFog":true,"showMaterialUpdate":true,"showSkybox":true,"showFlares":true,"showImageEffects":true,"showParticleSystems":true},"in2DMode":false,"pivot":{"x":2.3507256507873537,"y":0.06342211365699768,"z":-0.4270569682121277},"rotation":{"x":0.17819900810718537,"y":-0.5300115942955017,"z":0.1149476021528244,"w":0.8214443325996399},"size":3.946094036102295,"orthographic":false}