{"cameraMode":{"drawMode":0,"name":"Shaded","section":"Shading Mode"},"sceneLighting":true,"audioPlay":false,"sceneViewState":{"showFog":true,"showMaterialUpdate":true,"showSkybox":true,"showFlares":true,"showImageEffects":true,"showParticleSystems":true},"in2DMode":false,"pivot":{"x":10.058948516845704,"y":1.5288364887237549,"z":-0.5829243063926697},"rotation":{"x":0.16110709309577943,"y":-0.4928416311740875,"z":0.0921962633728981,"w":0.8506866693496704},"size":4.866645812988281,"orthographic":false}