{"cameraMode":{"drawMode":0,"name":"Shaded","section":"Shading Mode"},"sceneLighting":false,"audioPlay":false,"sceneViewState":{"showFog":true,"showMaterialUpdate":false,"showSkybox":false,"showFlares":true,"showImageEffects":true,"showParticleSystems":true},"in2DMode":false,"pivot":{"x":4.130000114440918,"y":0.5600000023841858,"z":-173.89999389648438},"rotation":{"x":-0.20064444839954377,"y":0.6075894832611084,"z":-0.16228613257408143,"w":-0.751176655292511},"size":9.419869422912598,"orthographic":false}