{"cameraMode":{"drawMode":0,"name":"Shaded","section":"Shading Mode"},"sceneLighting":true,"audioPlay":false,"sceneViewState":{"showFog":true,"showMaterialUpdate":false,"showSkybox":true,"showFlares":true,"showImageEffects":true,"showParticleSystems":true},"in2DMode":false,"pivot":{"x":49.81242370605469,"y":-38.19173049926758,"z":-80.62893676757813},"rotation":{"x":-0.20386870205402375,"y":-0.5395255088806152,"z":0.13643938302993775,"w":-0.8055954575538635},"size":308.385498046875,"orthographic":false}