{"cameraMode":{"drawMode":0,"name":"Shaded","section":"Shading Mode"},"sceneLighting":true,"audioPlay":false,"sceneViewState":{"showFog":true,"showMaterialUpdate":false,"showSkybox":true,"showFlares":true,"showImageEffects":true,"showParticleSystems":true},"in2DMode":false,"pivot":{"x":2.2595980167388918,"y":1.1195296049118043,"z":-2.5180583000183107},"rotation":{"x":-0.16251727938652039,"y":-0.4979149103164673,"z":0.09552466124296189,"w":-0.8467651605606079},"size":6.394420146942139,"orthographic":false}