{"cameraMode":{"drawMode":0,"name":"Shaded","section":"Shading Mode"},"sceneLighting":true,"audioPlay":false,"sceneViewState":{"showFog":true,"showMaterialUpdate":false,"showSkybox":true,"showFlares":true,"showImageEffects":true,"showParticleSystems":true},"in2DMode":false,"pivot":{"x":-0.39635488390922549,"y":1.4219328165054322,"z":-162.55105590820313},"rotation":{"x":0.14069056510925294,"y":-0.10826241970062256,"z":0.01494815107434988,"w":0.9843411445617676},"size":0.3549634516239166,"orthographic":false}