{"cameraMode":{"drawMode":0,"name":"Shaded","section":"Shading Mode"},"sceneLighting":false,"audioPlay":false,"sceneViewState":{"showFog":true,"showMaterialUpdate":false,"showSkybox":false,"showFlares":true,"showImageEffects":true,"showParticleSystems":true},"in2DMode":false,"pivot":{"x":-6.1611785888671879,"y":-54.68216323852539,"z":52.44415283203125},"rotation":{"x":0.35168570280075076,"y":0.6311892867088318,"z":-0.38832223415374758,"w":0.5720344185829163},"size":306.2845764160156,"orthographic":false}