{"cameraMode":{"drawMode":0,"name":"Shaded","section":"Shading Mode"},"sceneLighting":false,"audioPlay":false,"sceneViewState":{"showFog":true,"showMaterialUpdate":false,"showSkybox":false,"showFlares":true,"showImageEffects":true,"showParticleSystems":true},"in2DMode":false,"pivot":{"x":18.317489624023439,"y":-76.44804382324219,"z":88.10433197021485},"rotation":{"x":0.1916506290435791,"y":0.8082211017608643,"z":-0.39738979935646059,"w":0.3901708722114563},"size":330.62921142578127,"orthographic":false}