{"cameraMode":{"drawMode":0,"name":"Shaded","section":"Shading Mode"},"sceneLighting":false,"audioPlay":false,"sceneViewState":{"showFog":true,"showMaterialUpdate":false,"showSkybox":false,"showFlares":true,"showImageEffects":true,"showParticleSystems":true},"in2DMode":false,"pivot":{"x":-13.581583023071289,"y":21.79620933532715,"z":-48.401947021484378},"rotation":{"x":-0.37575384974479678,"y":-0.6198179125785828,"z":0.4359676241874695,"w":-0.533628523349762},"size":93.56712341308594,"orthographic":false}