{"cameraMode":{"drawMode":0,"name":"Shaded","section":"Shading Mode"},"sceneLighting":false,"audioPlay":false,"sceneViewState":{"showFog":true,"showMaterialUpdate":false,"showSkybox":false,"showFlares":true,"showImageEffects":true,"showParticleSystems":true},"in2DMode":false,"pivot":{"x":0.16434669494628907,"y":0.31160736083984377,"z":14.744661331176758},"rotation":{"x":-0.1449524462223053,"y":0.8496400117874146,"z":-0.30182012915611269,"w":-0.40756484866142275},"size":227.05909729003907,"orthographic":false}