{"cameraMode":{"drawMode":0,"name":"Shaded","section":"Shading Mode"},"sceneLighting":false,"audioPlay":false,"sceneViewState":{"showFog":true,"showMaterialUpdate":false,"showSkybox":false,"showFlares":true,"showImageEffects":true,"showParticleSystems":true},"in2DMode":false,"pivot":{"x":-118.042724609375,"y":4.482561111450195,"z":270.8766174316406},"rotation":{"x":0.03888089954853058,"y":-0.34580928087234499,"z":0.014197818003594876,"w":0.9374728202819824},"size":182.93624877929688,"orthographic":false}