{"cameraMode":{"drawMode":0,"name":"Shaded","section":"Shading Mode"},"sceneLighting":false,"audioPlay":false,"sceneViewState":{"showFog":true,"showMaterialUpdate":false,"showSkybox":false,"showFlares":true,"showImageEffects":true,"showParticleSystems":true},"in2DMode":false,"pivot":{"x":36.42750549316406,"y":18.832679748535158,"z":-0.20477581024169923},"rotation":{"x":-0.40291160345077517,"y":-0.4140036702156067,"z":0.2111767679452896,"w":-0.7885814905166626},"size":125.84410095214844,"orthographic":false}