{"cameraMode":{"drawMode":0,"name":"Shaded","section":"Shading Mode"},"sceneLighting":true,"audioPlay":false,"sceneViewState":{"showFog":true,"showMaterialUpdate":true,"showSkybox":true,"showFlares":true,"showImageEffects":true,"showParticleSystems":true},"in2DMode":false,"pivot":{"x":12.723488807678223,"y":0.8500000238418579,"z":54.70000076293945},"rotation":{"x":0.0001217801618622616,"y":-0.9805611968040466,"z":0.19673696160316468,"w":0.0006475631380453706},"size":4.563216209411621,"orthographic":false}