{"cameraMode":{"drawMode":0,"name":"Shaded","section":"Shading Mode"},"sceneLighting":false,"audioPlay":false,"sceneViewState":{"showFog":true,"showMaterialUpdate":true,"showSkybox":false,"showFlares":true,"showImageEffects":true,"showParticleSystems":true},"in2DMode":false,"pivot":{"x":11.872215270996094,"y":5.183178424835205,"z":-0.0026302337646484377},"rotation":{"x":-0.4883042871952057,"y":-0.1509614884853363,"z":0.08613155037164688,"w":-0.8553895950317383},"size":111.29379272460938,"orthographic":false}