{"cameraMode":{"drawMode":0,"name":"Shaded","section":"Shading Mode"},"sceneLighting":false,"audioPlay":false,"sceneViewState":{"showFog":true,"showMaterialUpdate":false,"showSkybox":false,"showFlares":true,"showImageEffects":true,"showParticleSystems":true},"in2DMode":false,"pivot":{"x":35.02019119262695,"y":-14.75883960723877,"z":116.90560913085938},"rotation":{"x":0.2925252318382263,"y":0.2202925980091095,"z":-0.06958897411823273,"w":0.9279857873916626},"size":307.004150390625,"orthographic":false}