{"cameraMode":{"drawMode":0,"name":"Shaded","section":"Shading Mode"},"sceneLighting":true,"audioPlay":false,"sceneViewState":{"showFog":true,"showMaterialUpdate":false,"showSkybox":true,"showFlares":true,"showImageEffects":true,"showParticleSystems":true},"in2DMode":false,"pivot":{"x":0.12008076906204224,"y":0.5600000023841858,"z":-96.0},"rotation":{"x":0.16208496689796449,"y":-0.6552274823188782,"z":0.14686934649944306,"w":0.7230837345123291},"size":156.21766662597657,"orthographic":false}