{"cameraMode":{"drawMode":0,"name":"Shaded","section":"Shading Mode"},"sceneLighting":true,"audioPlay":false,"sceneViewState":{"showFog":true,"showMaterialUpdate":true,"showSkybox":true,"showFlares":true,"showImageEffects":true,"showParticleSystems":true},"in2DMode":false,"pivot":{"x":9.533026695251465,"y":-2.3850479125976564,"z":27.55759048461914},"rotation":{"x":0.32912567257881167,"y":0.13565793633460999,"z":-0.04793592914938927,"w":0.9334120154380798},"size":112.48905944824219,"orthographic":false}