{"cameraMode":{"drawMode":0,"name":"Shaded","section":"Shading Mode"},"sceneLighting":false,"audioPlay":false,"sceneViewState":{"showFog":true,"showMaterialUpdate":true,"showSkybox":false,"showFlares":true,"showImageEffects":true,"showParticleSystems":true},"in2DMode":false,"pivot":{"x":-44.12549591064453,"y":12.66905689239502,"z":0.08629798889160156},"rotation":{"x":-0.31734463572502139,"y":0.2240941971540451,"z":-0.0774492546916008,"w":-0.9183786511421204},"size":122.41443634033203,"orthographic":false}