{"cameraMode":{"drawMode":0,"name":"Shaded","section":"Shading Mode"},"sceneLighting":true,"audioPlay":false,"sceneViewState":{"showFog":true,"showMaterialUpdate":false,"showSkybox":true,"showFlares":true,"showImageEffects":true,"showParticleSystems":true},"in2DMode":false,"pivot":{"x":-6.210155487060547,"y":10.258697509765625,"z":0.6163711547851563},"rotation":{"x":0.13330741226673127,"y":0.07024206221103668,"z":-0.010872607119381428,"w":0.988844633102417},"size":55.114505767822269,"orthographic":false}