{"cameraMode":{"drawMode":0,"name":"Shaded","section":"Shading Mode"},"sceneLighting":false,"audioPlay":false,"sceneViewState":{"showFog":true,"showMaterialUpdate":false,"showSkybox":false,"showFlares":true,"showImageEffects":true,"showParticleSystems":true},"in2DMode":false,"pivot":{"x":9.8104248046875,"y":1.130262851715088,"z":129.6519775390625},"rotation":{"x":0.12620937824249268,"y":-0.07521896064281464,"z":0.009474791586399079,"w":0.989152193069458},"size":18.327051162719728,"orthographic":false}