{"cameraMode":{"drawMode":0,"name":"Shaded","section":"Shading Mode"},"sceneLighting":true,"audioPlay":false,"sceneViewState":{"showFog":true,"showMaterialUpdate":true,"showSkybox":true,"showFlares":true,"showImageEffects":true,"showParticleSystems":true},"in2DMode":false,"pivot":{"x":-1.6099672317504883,"y":-5.627983093261719,"z":231.973388671875},"rotation":{"x":0.29160967469215395,"y":0.6901357769966126,"z":-0.3632732331752777,"w":0.5540584921836853},"size":146.1385498046875,"orthographic":false}