{"cameraMode":{"drawMode":0,"name":"Shaded","section":"Shading Mode"},"sceneLighting":true,"audioPlay":false,"sceneViewState":{"showFog":true,"showMaterialUpdate":true,"showSkybox":true,"showFlares":true,"showImageEffects":true,"showParticleSystems":true},"in2DMode":false,"pivot":{"x":0.8883845806121826,"y":0.3150554597377777,"z":0.16411913931369782},"rotation":{"x":-0.06857345998287201,"y":0.6967138051986694,"z":-0.0678887739777565,"w":-0.7113243937492371},"size":3.7931509017944338,"orthographic":false}