{"cameraMode":{"drawMode":0,"name":"Shaded","section":"Shading Mode"},"sceneLighting":false,"audioPlay":false,"sceneViewState":{"showFog":true,"showMaterialUpdate":false,"showSkybox":false,"showFlares":true,"showImageEffects":true,"showParticleSystems":true},"in2DMode":false,"pivot":{"x":21.79682731628418,"y":-0.21038918197155,"z":-4.9287333488464359},"rotation":{"x":-0.14336250722408296,"y":-0.33509451150894167,"z":0.0517469123005867,"w":-0.9298712015151978},"size":78.27291870117188,"orthographic":false}