{"cameraMode":{"drawMode":0,"name":"Shaded","section":"Shading Mode"},"sceneLighting":false,"audioPlay":false,"sceneViewState":{"showFog":true,"showMaterialUpdate":false,"showSkybox":false,"showFlares":true,"showImageEffects":true,"showParticleSystems":true},"in2DMode":false,"pivot":{"x":-2.983767032623291,"y":11.210132598876954,"z":3.436878204345703},"rotation":{"x":0.20711614191532136,"y":0.45995238423347475,"z":-0.11123862862586975,"w":0.8563036918640137},"size":106.43875122070313,"orthographic":false}