{"cameraMode":{"drawMode":0,"name":"Shaded","section":"Shading Mode"},"sceneLighting":false,"audioPlay":false,"sceneViewState":{"showFog":true,"showMaterialUpdate":true,"showSkybox":false,"showFlares":true,"showImageEffects":true,"showParticleSystems":true},"in2DMode":false,"pivot":{"x":-10.607803344726563,"y":-6.830164909362793,"z":-13.43696117401123},"rotation":{"x":-0.4775915741920471,"y":-0.1107637882232666,"z":0.060782816261053088,"w":-0.8696475028991699},"size":122.41443634033203,"orthographic":false}