{"cameraMode":{"drawMode":0,"name":"Shaded","section":"Shading Mode"},"sceneLighting":true,"audioPlay":false,"sceneViewState":{"showFog":true,"showMaterialUpdate":false,"showSkybox":true,"showFlares":true,"showImageEffects":true,"showParticleSystems":true},"in2DMode":false,"pivot":{"x":3.6184146404266359,"y":0.10850130021572113,"z":-162.59576416015626},"rotation":{"x":-0.1931535005569458,"y":0.17004947364330293,"z":-0.03399445116519928,"w":-0.9657422304153442},"size":9.648279190063477,"orthographic":false}