{"cameraMode":{"drawMode":0,"name":"Shaded","section":"Shading Mode"},"sceneLighting":true,"audioPlay":false,"sceneViewState":{"showFog":true,"showMaterialUpdate":true,"showSkybox":true,"showFlares":true,"showImageEffects":true,"showParticleSystems":true},"in2DMode":false,"pivot":{"x":13.576629638671875,"y":2.0667340755462648,"z":0.005387201905250549},"rotation":{"x":0.22299672663211823,"y":-0.4794641137123108,"z":0.1283174753189087,"w":0.8394267559051514},"size":1.974916934967041,"orthographic":false}