{"cameraMode":{"drawMode":0,"name":"Shaded","section":"Shading Mode"},"sceneLighting":true,"audioPlay":false,"sceneViewState":{"showFog":true,"showMaterialUpdate":true,"showSkybox":true,"showFlares":true,"showImageEffects":true,"showParticleSystems":true},"in2DMode":false,"pivot":{"x":6.0980000495910648,"y":1.2899999618530274,"z":-0.2199999988079071},"rotation":{"x":0.20214907824993134,"y":-0.13431990146636964,"z":0.028048815205693246,"w":0.9698005318641663},"size":22.0,"orthographic":false}