{"cameraMode":{"drawMode":0,"name":"Shaded","section":"Shading Mode"},"sceneLighting":true,"audioPlay":false,"sceneViewState":{"showFog":true,"showMaterialUpdate":true,"showSkybox":true,"showFlares":true,"showImageEffects":true,"showParticleSystems":true},"in2DMode":false,"pivot":{"x":-0.387176513671875,"y":0.18116378784179688,"z":-2.0383529663085939},"rotation":{"x":-0.13913975656032563,"y":0.6397116780281067,"z":-0.1187313050031662,"w":-0.7468226552009583},"size":9.196550369262696,"orthographic":false}