{"cameraMode":{"drawMode":0,"name":"Shaded","section":"Shading Mode"},"sceneLighting":false,"audioPlay":false,"sceneViewState":{"showFog":true,"showMaterialUpdate":false,"showSkybox":false,"showFlares":true,"showImageEffects":true,"showParticleSystems":true},"in2DMode":false,"pivot":{"x":-19.09191131591797,"y":16.349102020263673,"z":-11.994309425354004},"rotation":{"x":-0.3526742160320282,"y":-0.1553521305322647,"z":0.05951593816280365,"w":-0.9209821224212647},"size":139.33973693847657,"orthographic":false}