{"cameraMode":{"drawMode":0,"name":"Shaded","section":"Shading Mode"},"sceneLighting":false,"audioPlay":false,"sceneViewState":{"showFog":true,"showMaterialUpdate":false,"showSkybox":false,"showFlares":true,"showImageEffects":true,"showParticleSystems":true},"in2DMode":false,"pivot":{"x":23.923973083496095,"y":-3.4989192485809328,"z":7.778831958770752},"rotation":{"x":-0.04554682597517967,"y":-0.3902365267276764,"z":0.01933223567903042,"w":-0.9193867444992065},"size":85.54401397705078,"orthographic":false}