{"cameraMode":{"drawMode":0,"name":"Shaded","section":"Shading Mode"},"sceneLighting":false,"audioPlay":false,"sceneViewState":{"showFog":true,"showMaterialUpdate":false,"showSkybox":false,"showFlares":true,"showImageEffects":true,"showParticleSystems":true},"in2DMode":false,"pivot":{"x":8.78940200805664,"y":2.248851776123047,"z":-29.38379669189453},"rotation":{"x":-0.15954512357711793,"y":-0.10318520665168762,"z":0.017098404467105867,"w":-0.9819135069847107},"size":1.8085834980010987,"orthographic":false}