{"cameraMode":{"drawMode":0,"name":"Shaded","section":"Shading Mode"},"sceneLighting":false,"audioPlay":false,"sceneViewState":{"showFog":true,"showMaterialUpdate":false,"showSkybox":false,"showFlares":true,"showImageEffects":true,"showParticleSystems":true},"in2DMode":false,"pivot":{"x":0.9335230588912964,"y":0.9581968784332275,"z":-58.32688903808594},"rotation":{"x":0.07566767185926438,"y":-0.06426969170570374,"z":0.004887281451374292,"w":0.9950481653213501},"size":13.915599822998047,"orthographic":true}