{"cameraMode":{"drawMode":0,"name":"Shaded","section":"Shading Mode"},"sceneLighting":false,"audioPlay":false,"sceneViewState":{"showFog":true,"showMaterialUpdate":true,"showSkybox":false,"showFlares":true,"showImageEffects":true,"showParticleSystems":true},"in2DMode":false,"pivot":{"x":-11.910118103027344,"y":5.183178424835205,"z":-0.0026302337646484377},"rotation":{"x":-0.40766483545303347,"y":0.23857353627681733,"z":-0.11126900464296341,"w":-0.8745591640472412},"size":128.15428161621095,"orthographic":false}