{"cameraMode":{"drawMode":0,"name":"Shaded","section":"Shading Mode"},"sceneLighting":true,"audioPlay":false,"sceneViewState":{"showFog":true,"showMaterialUpdate":false,"showSkybox":true,"showFlares":true,"showImageEffects":true,"showParticleSystems":true},"in2DMode":false,"pivot":{"x":12.812941551208496,"y":0.9120514988899231,"z":-27.10142707824707},"rotation":{"x":-0.12352100759744644,"y":-0.8550226092338562,"z":0.23808863759040833,"w":-0.44420957565307619},"size":4.793756008148193,"orthographic":false}