{"cameraMode":{"drawMode":0,"name":"Shaded","section":"Shading Mode"},"sceneLighting":true,"audioPlay":false,"sceneViewState":{"showFog":true,"showMaterialUpdate":true,"showSkybox":true,"showFlares":true,"showImageEffects":true,"showParticleSystems":true},"in2DMode":false,"pivot":{"x":12.29220199584961,"y":1.3254058361053467,"z":68.21666717529297},"rotation":{"x":0.04325694963335991,"y":-0.7808308005332947,"z":0.05258668586611748,"w":0.6216603517532349},"size":8.010704040527344,"orthographic":false}