{"cameraMode":{"drawMode":0,"name":"Shaded","section":"Shading Mode"},"sceneLighting":true,"audioPlay":false,"sceneViewState":{"showFog":true,"showMaterialUpdate":true,"showSkybox":true,"showFlares":true,"showImageEffects":true,"showParticleSystems":true},"in2DMode":false,"pivot":{"x":12.42348861694336,"y":0.9099999666213989,"z":67.9000015258789},"rotation":{"x":0.0001217801618622616,"y":-0.9805611968040466,"z":0.19673696160316468,"w":0.0006475631380453706},"size":8.783426284790039,"orthographic":false}