{"cameraMode":{"drawMode":0,"name":"Shaded","section":"Shading Mode"},"sceneLighting":true,"audioPlay":false,"sceneViewState":{"showFog":true,"showMaterialUpdate":false,"showSkybox":true,"showFlares":true,"showImageEffects":true,"showParticleSystems":true},"in2DMode":false,"pivot":{"x":0.11337455362081528,"y":1.5722410678863526,"z":-163.383056640625},"rotation":{"x":0.053723983466625217,"y":-0.14388306438922883,"z":0.007789044175297022,"w":0.988156795501709},"size":0.435602605342865,"orthographic":false}