{"cameraMode":{"drawMode":0,"name":"Shaded","section":"Shading Mode"},"sceneLighting":false,"audioPlay":false,"sceneViewState":{"showFog":true,"showMaterialUpdate":false,"showSkybox":false,"showFlares":true,"showImageEffects":true,"showParticleSystems":true},"in2DMode":false,"pivot":{"x":-6.079109191894531,"y":45.30609130859375,"z":82.15200805664063},"rotation":{"x":-0.29488882422447207,"y":-0.5866341590881348,"z":0.24178650975227357,"w":-0.7145699858665466},"size":107.27557373046875,"orthographic":false}