{"cameraMode":{"drawMode":0,"name":"Shaded","section":"Shading Mode"},"sceneLighting":true,"audioPlay":false,"sceneViewState":{"showFog":true,"showMaterialUpdate":false,"showSkybox":true,"showFlares":true,"showImageEffects":true,"showParticleSystems":true},"in2DMode":false,"pivot":{"x":-0.6176644563674927,"y":15.216381072998047,"z":-38.822513580322269},"rotation":{"x":0.2368219494819641,"y":0.02064339630305767,"z":-0.005160787142813206,"w":0.9715282320976257},"size":-3.116086959838867,"orthographic":false}