{"cameraMode":{"drawMode":0,"name":"Shaded","section":"Shading Mode"},"sceneLighting":true,"audioPlay":false,"sceneViewState":{"showFog":true,"showMaterialUpdate":true,"showSkybox":true,"showFlares":true,"showImageEffects":true,"showParticleSystems":true},"in2DMode":false,"pivot":{"x":60.9748420715332,"y":39.097450256347659,"z":0.6296126842498779},"rotation":{"x":-0.2360173761844635,"y":-0.35780125856399538,"z":0.09490261226892472,"w":-0.8988917469978333},"size":295.0005187988281,"orthographic":false}