{"cameraMode":{"drawMode":0,"name":"Shaded","section":"Shading Mode"},"sceneLighting":false,"audioPlay":false,"sceneViewState":{"showFog":true,"showMaterialUpdate":false,"showSkybox":false,"showFlares":true,"showImageEffects":true,"showParticleSystems":true},"in2DMode":false,"pivot":{"x":-0.037078857421875,"y":22.995182037353517,"z":-0.0026302337646484377},"rotation":{"x":-0.38943833112716677,"y":0.22784018516540528,"z":-0.09994438290596008,"w":-0.8869518041610718},"size":93.0013198852539,"orthographic":false}