{"cameraMode":{"drawMode":0,"name":"Shaded","section":"Shading Mode"},"sceneLighting":true,"audioPlay":false,"sceneViewState":{"showFog":true,"showMaterialUpdate":true,"showSkybox":true,"showFlares":true,"showImageEffects":true,"showParticleSystems":true},"in2DMode":false,"pivot":{"x":1.4008750915527344,"y":0.4323885440826416,"z":0.17263658344745637},"rotation":{"x":-0.11616427451372147,"y":0.5192275047302246,"z":-0.07211701571941376,"w":-0.8440454006195068},"size":3.490001678466797,"orthographic":false}