{"cameraMode":{"drawMode":0,"name":"Shaded","section":"Shading Mode"},"sceneLighting":false,"audioPlay":false,"sceneViewState":{"showFog":true,"showMaterialUpdate":false,"showSkybox":false,"showFlares":true,"showImageEffects":true,"showParticleSystems":true},"in2DMode":false,"pivot":{"x":13.80427360534668,"y":-29.837230682373048,"z":121.20571899414063},"rotation":{"x":0.11159148067235947,"y":0.03636852651834488,"z":-0.00421101925894618,"w":0.9931298494338989},"size":275.1639099121094,"orthographic":false}