{"cameraMode":{"drawMode":0,"name":"Shaded","section":"Shading Mode"},"sceneLighting":true,"audioPlay":false,"sceneViewState":{"showFog":true,"showMaterialUpdate":false,"showSkybox":true,"showFlares":true,"showImageEffects":true,"showParticleSystems":true},"in2DMode":false,"pivot":{"x":-1.3366211652755738,"y":2.656296730041504,"z":-6.3588361740112309},"rotation":{"x":0.23800884187221528,"y":0.22031131386756898,"z":-0.055526260286569598,"w":0.9443274140357971},"size":12.217302322387696,"orthographic":false}