{"cameraMode":{"drawMode":0,"name":"Shaded","section":"Shading Mode"},"sceneLighting":true,"audioPlay":false,"sceneViewState":{"showFog":true,"showMaterialUpdate":true,"showSkybox":true,"showFlares":true,"showImageEffects":true,"showParticleSystems":true},"in2DMode":false,"pivot":{"x":1.651782751083374,"y":0.9365075826644898,"z":-3.1160736083984377},"rotation":{"x":0.24453215301036836,"y":-0.44237279891967776,"z":0.12675204873085023,"w":0.8536099791526794},"size":16.998401641845704,"orthographic":false}