{"cameraMode":{"drawMode":0,"name":"Shaded","section":"Shading Mode"},"sceneLighting":true,"audioPlay":false,"sceneViewState":{"showFog":true,"showMaterialUpdate":true,"showSkybox":true,"showFlares":true,"showImageEffects":true,"showParticleSystems":true},"in2DMode":false,"pivot":{"x":12.727518081665039,"y":0.8454576730728149,"z":54.69969177246094},"rotation":{"x":-0.18185587227344514,"y":-0.10426454991102219,"z":0.019433092325925828,"w":-0.9776904582977295},"size":5.30076265335083,"orthographic":false}