{"cameraMode":{"drawMode":0,"name":"Shaded","section":"Shading Mode"},"sceneLighting":false,"audioPlay":false,"sceneViewState":{"showFog":true,"showMaterialUpdate":false,"showSkybox":false,"showFlares":true,"showImageEffects":true,"showParticleSystems":true},"in2DMode":false,"pivot":{"x":1.5710628032684327,"y":1.5153207778930665,"z":-72.79399871826172},"rotation":{"x":-0.1478765457868576,"y":-0.03233805671334267,"z":0.004835439380258322,"w":-0.9884702563285828},"size":11.84614372253418,"orthographic":false}