{"cameraMode":{"drawMode":0,"name":"Shaded","section":"Shading Mode"},"sceneLighting":false,"audioPlay":false,"sceneViewState":{"showFog":true,"showMaterialUpdate":false,"showSkybox":false,"showFlares":true,"showImageEffects":true,"showParticleSystems":true},"in2DMode":false,"pivot":{"x":5.529880523681641,"y":-18.954612731933595,"z":128.98974609375},"rotation":{"x":0.2128540724515915,"y":0.1436164826154709,"z":-0.03177517279982567,"w":0.9660007357597351},"size":230.14146423339845,"orthographic":false}