{"cameraMode":{"drawMode":0,"name":"Shaded","section":"Shading Mode"},"sceneLighting":true,"audioPlay":false,"sceneViewState":{"showFog":true,"showMaterialUpdate":true,"showSkybox":true,"showFlares":true,"showImageEffects":true,"showParticleSystems":true},"in2DMode":false,"pivot":{"x":12.388712882995606,"y":0.9015648365020752,"z":67.90642547607422},"rotation":{"x":-0.011952209286391735,"y":0.9632961750030518,"z":-0.2671753168106079,"w":-0.0382608063519001},"size":3.6230628490448,"orthographic":false}