{"cameraMode":{"drawMode":0,"name":"Shaded","section":"Shading Mode"},"sceneLighting":false,"audioPlay":false,"sceneViewState":{"showFog":true,"showMaterialUpdate":false,"showSkybox":false,"showFlares":true,"showImageEffects":true,"showParticleSystems":true},"in2DMode":false,"pivot":{"x":149.45608520507813,"y":85.56676483154297,"z":2.8655295372009279},"rotation":{"x":-0.09280091524124146,"y":-0.8896351456642151,"z":0.3959721028804779,"w":-0.20804016292095185},"size":42.69242858886719,"orthographic":false}