{"cameraMode":{"drawMode":0,"name":"Shaded","section":"Shading Mode"},"sceneLighting":true,"audioPlay":false,"sceneViewState":{"showFog":true,"showMaterialUpdate":true,"showSkybox":true,"showFlares":true,"showImageEffects":true,"showParticleSystems":true},"in2DMode":false,"pivot":{"x":12.42348861694336,"y":0.9099999666213989,"z":67.9000015258789},"rotation":{"x":0.17819900810718537,"y":-0.5300115942955017,"z":0.1149476021528244,"w":0.8214443325996399},"size":13.64039134979248,"orthographic":false}