{"cameraMode":{"drawMode":0,"name":"Shaded","section":"Shading Mode"},"sceneLighting":false,"audioPlay":false,"sceneViewState":{"showFog":true,"showMaterialUpdate":false,"showSkybox":false,"showFlares":true,"showImageEffects":true,"showParticleSystems":true},"in2DMode":false,"pivot":{"x":156.04214477539063,"y":68.13006591796875,"z":-78.22061920166016},"rotation":{"x":-0.29288434982299807,"y":-0.32047244906425478,"z":0.10458332300186157,"w":-0.8948585391044617},"size":129.25772094726563,"orthographic":false}