{"cameraMode":{"drawMode":0,"name":"Shaded","section":"Shading Mode"},"sceneLighting":false,"audioPlay":false,"sceneViewState":{"showFog":true,"showMaterialUpdate":false,"showSkybox":false,"showFlares":true,"showImageEffects":true,"showParticleSystems":true},"in2DMode":false,"pivot":{"x":-3.465877056121826,"y":1.0656611919403077,"z":8.533040046691895},"rotation":{"x":-0.3401836156845093,"y":-0.05545120686292648,"z":0.020364299416542054,"w":-0.9386468529701233},"size":113.5911865234375,"orthographic":false}