{"cameraMode":{"drawMode":0,"name":"Shaded","section":"Shading Mode"},"sceneLighting":false,"audioPlay":false,"sceneViewState":{"showFog":true,"showMaterialUpdate":false,"showSkybox":false,"showFlares":true,"showImageEffects":true,"showParticleSystems":true},"in2DMode":false,"pivot":{"x":0.25822094082832339,"y":4.512896537780762,"z":15.977588653564454},"rotation":{"x":-0.038216482847929,"y":-0.9116224050521851,"z":0.3999137580394745,"w":-0.0872424840927124},"size":35.65608596801758,"orthographic":false}