{"cameraMode":{"drawMode":0,"name":"Shaded","section":"Shading Mode"},"sceneLighting":true,"audioPlay":false,"sceneViewState":{"showFog":true,"showMaterialUpdate":true,"showSkybox":true,"showFlares":true,"showImageEffects":true,"showParticleSystems":true},"in2DMode":false,"pivot":{"x":0.3568239212036133,"y":-0.7684741020202637,"z":-0.3297208547592163},"rotation":{"x":-0.06906693428754807,"y":0.7844356894493103,"z":-0.08816364407539368,"w":-0.6103456020355225},"size":9.154048919677735,"orthographic":false}