{"cameraMode":{"drawMode":0,"name":"Shaded","section":"Shading Mode"},"sceneLighting":true,"audioPlay":false,"sceneViewState":{"showFog":true,"showMaterialUpdate":false,"showSkybox":true,"showFlares":true,"showImageEffects":true,"showParticleSystems":true},"in2DMode":false,"pivot":{"x":-29.148338317871095,"y":0.6327109336853027,"z":-162.9560089111328},"rotation":{"x":-0.24627676606178285,"y":-0.3275034427642822,"z":0.08885940909385681,"w":-0.9078778028488159},"size":6.278697967529297,"orthographic":false}