{"cameraMode":{"drawMode":0,"name":"Shaded","section":"Shading Mode"},"sceneLighting":true,"audioPlay":false,"sceneViewState":{"showFog":true,"showMaterialUpdate":false,"showSkybox":true,"showFlares":true,"showImageEffects":true,"showParticleSystems":true},"in2DMode":false,"pivot":{"x":6.863013744354248,"y":-0.2106553316116333,"z":-163.54107666015626},"rotation":{"x":-0.6603090763092041,"y":-0.0006805909797549248,"z":0.0005681487964466214,"w":-0.751024067401886},"size":11.901885986328125,"orthographic":false}