{"cameraMode":{"drawMode":0,"name":"Shaded","section":"Shading Mode"},"sceneLighting":false,"audioPlay":false,"sceneViewState":{"showFog":true,"showMaterialUpdate":false,"showSkybox":false,"showFlares":true,"showImageEffects":true,"showParticleSystems":true},"in2DMode":false,"pivot":{"x":-4.227926254272461,"y":0.19267058372497559,"z":130.3251953125},"rotation":{"x":0.11295638978481293,"y":0.05869266390800476,"z":-0.006808809004724026,"w":0.9918919205665588},"size":14.76691722869873,"orthographic":false}