{"cameraMode":{"drawMode":0,"name":"Shaded","section":"Shading Mode"},"sceneLighting":true,"audioPlay":false,"sceneViewState":{"showFog":true,"showMaterialUpdate":false,"showSkybox":true,"showFlares":true,"showImageEffects":true,"showParticleSystems":true},"in2DMode":false,"pivot":{"x":1.560489296913147,"y":0.8848631381988525,"z":-3.1703908443450929},"rotation":{"x":-0.162059485912323,"y":-0.24817323684692384,"z":0.04375612735748291,"w":-0.954384446144104},"size":8.78342056274414,"orthographic":false}