{"cameraMode":{"drawMode":0,"name":"Shaded","section":"Shading Mode"},"sceneLighting":false,"audioPlay":false,"sceneViewState":{"showFog":true,"showMaterialUpdate":false,"showSkybox":false,"showFlares":true,"showImageEffects":true,"showParticleSystems":true},"in2DMode":false,"pivot":{"x":74.43084716796875,"y":39.363075256347659,"z":-60.69005584716797},"rotation":{"x":-0.18800897896289826,"y":-0.36201542615890505,"z":0.07475966960191727,"w":-0.9100737571716309},"size":227.5320587158203,"orthographic":false}