{"cameraMode":{"drawMode":0,"name":"Shaded","section":"Shading Mode"},"sceneLighting":false,"audioPlay":false,"sceneViewState":{"showFog":true,"showMaterialUpdate":false,"showSkybox":false,"showFlares":true,"showImageEffects":true,"showParticleSystems":true},"in2DMode":false,"pivot":{"x":-0.14801940321922303,"y":0.6725072264671326,"z":-0.10037972033023834},"rotation":{"x":0.05732347071170807,"y":-0.6865767240524292,"z":0.0537140779197216,"w":0.7232393622398377},"size":0.2905362546443939,"orthographic":false}