{"cameraMode":{"drawMode":0,"name":"Shaded","section":"Shading Mode"},"sceneLighting":false,"audioPlay":false,"sceneViewState":{"showFog":true,"showMaterialUpdate":false,"showSkybox":false,"showFlares":true,"showImageEffects":true,"showParticleSystems":true},"in2DMode":false,"pivot":{"x":64.4453353881836,"y":-116.6121826171875,"z":229.94908142089845},"rotation":{"x":0.1916506290435791,"y":0.8082211017608643,"z":-0.39738979935646059,"w":0.3901708722114563},"size":222.48187255859376,"orthographic":false}