{"cameraMode":{"drawMode":0,"name":"Shaded","section":"Shading Mode"},"sceneLighting":true,"audioPlay":false,"sceneViewState":{"showFog":true,"showMaterialUpdate":true,"showSkybox":true,"showFlares":true,"showImageEffects":true,"showParticleSystems":true},"in2DMode":false,"pivot":{"x":12.723488807678223,"y":0.8500000238418579,"z":16.5},"rotation":{"x":-0.06906693428754807,"y":0.7844356894493103,"z":-0.08816364407539368,"w":-0.6103456020355225},"size":16.99840545654297,"orthographic":false}