{"cameraMode":{"drawMode":0,"name":"Shaded","section":"Shading Mode"},"sceneLighting":true,"audioPlay":false,"sceneViewState":{"showFog":true,"showMaterialUpdate":true,"showSkybox":true,"showFlares":true,"showImageEffects":true,"showParticleSystems":true},"in2DMode":false,"pivot":{"x":9.238555908203125,"y":19.95751190185547,"z":6.744867324829102},"rotation":{"x":-0.16279123723506928,"y":0.009126506745815277,"z":-0.0014453597832471133,"w":-0.9867250919342041},"size":16.80232810974121,"orthographic":false}