{"cameraMode":{"drawMode":0,"name":"Shaded","section":"Shading Mode"},"sceneLighting":false,"audioPlay":false,"sceneViewState":{"showFog":true,"showMaterialUpdate":true,"showSkybox":false,"showFlares":true,"showImageEffects":true,"showParticleSystems":true},"in2DMode":false,"pivot":{"x":19.078330993652345,"y":7.20449161529541,"z":-5.668820381164551},"rotation":{"x":-0.4562456011772156,"y":-0.008585339412093163,"z":0.004435194656252861,"w":-0.889995813369751},"size":119.92090606689453,"orthographic":false}