{"cameraMode":{"drawMode":0,"name":"Shaded","section":"Shading Mode"},"sceneLighting":false,"audioPlay":false,"sceneViewState":{"showFog":true,"showMaterialUpdate":false,"showSkybox":false,"showFlares":true,"showImageEffects":true,"showParticleSystems":true},"in2DMode":false,"pivot":{"x":29.424165725708009,"y":13.907735824584961,"z":3.782097101211548},"rotation":{"x":-0.41711464524269106,"y":-0.004700264893472195,"z":0.002028604969382286,"w":-0.9089903235435486},"size":109.74601745605469,"orthographic":false}