{"cameraMode":{"drawMode":0,"name":"Shaded","section":"Shading Mode"},"sceneLighting":false,"audioPlay":false,"sceneViewState":{"showFog":true,"showMaterialUpdate":false,"showSkybox":false,"showFlares":true,"showImageEffects":true,"showParticleSystems":true},"in2DMode":false,"pivot":{"x":-1.6323529481887818,"y":-4.803333759307861,"z":-0.9232637286186218},"rotation":{"x":0.04498298093676567,"y":-0.008990968577563763,"z":0.0004048599221277982,"w":0.9989479780197144},"size":96.79747772216797,"orthographic":false}