{"cameraMode":{"drawMode":0,"name":"Shaded","section":"Shading Mode"},"sceneLighting":false,"audioPlay":false,"sceneViewState":{"showFog":true,"showMaterialUpdate":false,"showSkybox":false,"showFlares":true,"showImageEffects":true,"showParticleSystems":true},"in2DMode":false,"pivot":{"x":0.23774103820323945,"y":17.051240921020509,"z":4.694857597351074},"rotation":{"x":-0.02886197902262211,"y":0.964546799659729,"z":-0.2338913381099701,"w":-0.11894715577363968},"size":81.68264770507813,"orthographic":false}