{"cameraMode":{"drawMode":0,"name":"Shaded","section":"Shading Mode"},"sceneLighting":false,"audioPlay":false,"sceneViewState":{"showFog":true,"showMaterialUpdate":false,"showSkybox":false,"showFlares":true,"showImageEffects":true,"showParticleSystems":true},"in2DMode":false,"pivot":{"x":0.18700885772705079,"y":0.22511744499206544,"z":-2.838050603866577},"rotation":{"x":0.23701567947864533,"y":-0.663638710975647,"z":0.2342294603586197,"w":0.6702079176902771},"size":7.5246381759643559,"orthographic":false}