{"cameraMode":{"drawMode":0,"name":"Shaded","section":"Shading Mode"},"sceneLighting":false,"audioPlay":false,"sceneViewState":{"showFog":true,"showMaterialUpdate":true,"showSkybox":false,"showFlares":true,"showImageEffects":true,"showParticleSystems":true},"in2DMode":false,"pivot":{"x":-37.78750228881836,"y":10.919055938720704,"z":-5.776924133300781},"rotation":{"x":-0.20542559027671815,"y":0.4164928197860718,"z":-0.09716160595417023,"w":-0.8804764747619629},"size":90.81915283203125,"orthographic":false}