{"cameraMode":{"drawMode":0,"name":"Shaded","section":"Shading Mode"},"sceneLighting":true,"audioPlay":false,"sceneViewState":{"showFog":true,"showMaterialUpdate":false,"showSkybox":true,"showFlares":true,"showImageEffects":true,"showParticleSystems":true},"in2DMode":false,"pivot":{"x":0.0,"y":0.10000000149011612,"z":-91.30000305175781},"rotation":{"x":0.30044084787368777,"y":0.09991126507520676,"z":-0.03166285902261734,"w":0.9480311274528503},"size":1.9818196296691895,"orthographic":false}