{"cameraMode":{"drawMode":0,"name":"Shaded","section":"Shading Mode"},"sceneLighting":false,"audioPlay":false,"sceneViewState":{"showFog":true,"showMaterialUpdate":false,"showSkybox":false,"showFlares":true,"showImageEffects":true,"showParticleSystems":true},"in2DMode":false,"pivot":{"x":-47.308494567871097,"y":14.41905689239502,"z":0.3655385971069336},"rotation":{"x":-0.37272733449935915,"y":-0.1184241771697998,"z":0.04799835756421089,"w":-0.9192476868629456},"size":151.35186767578126,"orthographic":false}