{"cameraMode":{"drawMode":0,"name":"Shaded","section":"Shading Mode"},"sceneLighting":true,"audioPlay":false,"sceneViewState":{"showFog":true,"showMaterialUpdate":true,"showSkybox":true,"showFlares":true,"showImageEffects":true,"showParticleSystems":true},"in2DMode":false,"pivot":{"x":2.3507256507873537,"y":0.06342211365699768,"z":-0.4270569682121277},"rotation":{"x":0.16098670661449433,"y":-0.4373181164264679,"z":0.0798146203160286,"w":0.8815416693687439},"size":3.946094036102295,"orthographic":false}
