{"cameraMode":{"drawMode":0,"name":"Shaded","section":"Shading Mode"},"sceneLighting":false,"audioPlay":false,"sceneViewState":{"showFog":true,"showMaterialUpdate":false,"showSkybox":false,"showFlares":true,"showImageEffects":true,"showParticleSystems":true},"in2DMode":false,"pivot":{"x":4.590169906616211,"y":32.35997009277344,"z":-0.3526085913181305},"rotation":{"x":-0.08673668652772904,"y":0.9049718379974365,"z":-0.2232014387845993,"w":-0.35183730721473696},"size":133.0150146484375,"orthographic":false}