{"cameraMode":{"drawMode":0,"name":"Shaded","section":"Shading Mode"},"sceneLighting":false,"audioPlay":false,"sceneViewState":{"showFog":true,"showMaterialUpdate":false,"showSkybox":false,"showFlares":true,"showImageEffects":true,"showParticleSystems":true},"in2DMode":false,"pivot":{"x":40.263980865478519,"y":-12.612775802612305,"z":-5.8549628257751469},"rotation":{"x":0.2647234797477722,"y":0.3930779695510864,"z":-0.11929449439048767,"w":0.8724827170372009},"size":72.11522674560547,"orthographic":false}