{"cameraMode":{"drawMode":0,"name":"Shaded","section":"Shading Mode"},"sceneLighting":false,"audioPlay":false,"sceneViewState":{"showFog":true,"showMaterialUpdate":false,"showSkybox":false,"showFlares":true,"showImageEffects":true,"showParticleSystems":true},"in2DMode":false,"pivot":{"x":11.872215270996094,"y":5.183178424835205,"z":-0.0026302337646484377},"rotation":{"x":-0.13573125004768372,"y":0.8468071818351746,"z":-0.445026695728302,"w":-0.2580210864543915},"size":259.8287658691406,"orthographic":false}