{"cameraMode":{"drawMode":0,"name":"Shaded","section":"Shading Mode"},"sceneLighting":false,"audioPlay":false,"sceneViewState":{"showFog":true,"showMaterialUpdate":false,"showSkybox":false,"showFlares":true,"showImageEffects":true,"showParticleSystems":true},"in2DMode":false,"pivot":{"x":-0.14801940321922303,"y":0.6725072264671326,"z":-0.10037972033023834},"rotation":{"x":0.03661508858203888,"y":-0.02586478181183338,"z":0.0004603099951054901,"w":0.9993121027946472},"size":5.390535354614258,"orthographic":false}