{"cameraMode":{"drawMode":0,"name":"Shaded","section":"Shading Mode"},"sceneLighting":true,"audioPlay":false,"sceneViewState":{"showFog":true,"showMaterialUpdate":false,"showSkybox":true,"showFlares":true,"showImageEffects":true,"showParticleSystems":true},"in2DMode":false,"pivot":{"x":-26.612689971923829,"y":-1.1665966510772706,"z":-163.25662231445313},"rotation":{"x":-0.24627676606178285,"y":-0.3275034427642822,"z":0.08885940909385681,"w":-0.9078778028488159},"size":19.395103454589845,"orthographic":false}