{"cameraMode":{"drawMode":0,"name":"Shaded","section":"Shading Mode"},"sceneLighting":false,"audioPlay":false,"sceneViewState":{"showFog":true,"showMaterialUpdate":false,"showSkybox":false,"showFlares":true,"showImageEffects":true,"showParticleSystems":true},"in2DMode":false,"pivot":{"x":-8.718033790588379,"y":6.677067756652832,"z":-6.116902828216553},"rotation":{"x":-0.34818118810653689,"y":-0.1323932707309723,"z":0.04975982382893562,"w":-0.9267187714576721},"size":122.80428314208985,"orthographic":false}