{"cameraMode":{"drawMode":0,"name":"Shaded","section":"Shading Mode"},"sceneLighting":false,"audioPlay":false,"sceneViewState":{"showFog":true,"showMaterialUpdate":false,"showSkybox":false,"showFlares":true,"showImageEffects":true,"showParticleSystems":true},"in2DMode":false,"pivot":{"x":23.923973083496095,"y":-3.4989192485809328,"z":7.778831958770752},"rotation":{"x":-0.16465990245342256,"y":-0.17156723141670228,"z":0.029097914695739747,"w":-0.9708813428878784},"size":85.54401397705078,"orthographic":false}