{"cameraMode":{"drawMode":0,"name":"Shaded","section":"Shading Mode"},"sceneLighting":true,"audioPlay":false,"sceneViewState":{"showFog":true,"showMaterialUpdate":true,"showSkybox":true,"showFlares":true,"showImageEffects":true,"showParticleSystems":true},"in2DMode":false,"pivot":{"x":843.758056640625,"y":72.34762573242188,"z":0.0},"rotation":{"x":0.17927728593349458,"y":0.061940524727106097,"z":-0.01236089039593935,"w":0.9821731448173523},"size":243.0288848876953,"orthographic":false}