{"cameraMode":{"drawMode":0,"name":"Shaded","section":"Shading Mode"},"sceneLighting":true,"audioPlay":false,"sceneViewState":{"showFog":true,"showMaterialUpdate":false,"showSkybox":true,"showFlares":true,"showImageEffects":true,"showParticleSystems":true},"in2DMode":false,"pivot":{"x":0.12008076906204224,"y":0.5600000023841858,"z":-173.89999389648438},"rotation":{"x":-0.13209512829780579,"y":0.7132192850112915,"z":-0.13976025581359864,"w":-0.6740656495094299},"size":6.422415256500244,"orthographic":false}